{
  "anger": {
    "0": {
      "cosine_similarity": 0.04245053231716156,
      "projection": 0.04244622215628624
    },
    "1": {
      "cosine_similarity": 0.026688851416110992,
      "projection": 0.026677941903471947
    },
    "2": {
      "cosine_similarity": -0.015638019889593124,
      "projection": -0.015637913718819618
    },
    "3": {
      "cosine_similarity": 0.07138247787952423,
      "projection": 0.07141784578561783
    },
    "4": {
      "cosine_similarity": 0.09043281525373459,
      "projection": 0.09042079001665115
    },
    "5": {
      "cosine_similarity": 0.021973513066768646,
      "projection": 0.021976787596940994
    },
    "6": {
      "cosine_similarity": 0.08016473054885864,
      "projection": 0.08014440536499023
    },
    "7": {
      "cosine_similarity": 0.1530005782842636,
      "projection": 0.1530582755804062
    },
    "8": {
      "cosine_similarity": 0.0752905011177063,
      "projection": 0.07530970871448517
    },
    "9": {
      "cosine_similarity": 0.1427592933177948,
      "projection": 0.14269086718559265
    },
    "10": {
      "cosine_similarity": 0.09751919656991959,
      "projection": 0.09752283990383148
    },
    "11": {
      "cosine_similarity": 0.17330682277679443,
      "projection": 0.17332230508327484
    },
    "12": {
      "cosine_similarity": 0.15584874153137207,
      "projection": 0.15585969388484955
    },
    "13": {
      "cosine_similarity": 0.1567232608795166,
      "projection": 0.15671618282794952
    },
    "14": {
      "cosine_similarity": 0.15707561373710632,
      "projection": 0.15709465742111206
    },
    "15": {
      "cosine_similarity": 0.19553308188915253,
      "projection": 0.19567129015922546
    },
    "16": {
      "cosine_similarity": 0.12231814116239548,
      "projection": 0.12237062305212021
    },
    "17": {
      "cosine_similarity": 0.1337583065032959,
      "projection": 0.1337454617023468
    },
    "18": {
      "cosine_similarity": 0.1392863690853119,
      "projection": 0.13922156393527985
    },
    "19": {
      "cosine_similarity": 0.16355496644973755,
      "projection": 0.1635073721408844
    },
    "20": {
      "cosine_similarity": 0.15979373455047607,
      "projection": 0.15978290140628815
    },
    "21": {
      "cosine_similarity": 0.16824254393577576,
      "projection": 0.16825705766677856
    },
    "22": {
      "cosine_similarity": 0.17753532528877258,
      "projection": 0.17753086984157562
    },
    "23": {
      "cosine_similarity": 0.16045090556144714,
      "projection": 0.16044838726520538
    },
    "24": {
      "cosine_similarity": 0.15210296213626862,
      "projection": 0.15216495096683502
    },
    "25": {
      "cosine_similarity": 0.12057153135538101,
      "projection": 0.12055343389511108
    },
    "26": {
      "cosine_similarity": 0.11391519755125046,
      "projection": 0.11391287297010422
    },
    "27": {
      "cosine_similarity": 0.11305065453052521,
      "projection": 0.11298953741788864
    }
  },
  "calm": {
    "0": {
      "cosine_similarity": -0.010675936937332153,
      "projection": -0.010672172531485558
    },
    "1": {
      "cosine_similarity": 0.09116347134113312,
      "projection": 0.09114871174097061
    },
    "2": {
      "cosine_similarity": 0.03976985067129135,
      "projection": 0.03977242112159729
    },
    "3": {
      "cosine_similarity": -0.08427257835865021,
      "projection": -0.08429784327745438
    },
    "4": {
      "cosine_similarity": -0.09615011513233185,
      "projection": -0.09617026150226593
    },
    "5": {
      "cosine_similarity": -0.044056884944438934,
      "projection": -0.044067446142435074
    },
    "6": {
      "cosine_similarity": -0.07725448906421661,
      "projection": -0.07723269611597061
    },
    "7": {
      "cosine_similarity": -0.10739865899085999,
      "projection": -0.10744577646255493
    },
    "8": {
      "cosine_similarity": -0.0701041966676712,
      "projection": -0.07010278105735779
    },
    "9": {
      "cosine_similarity": -0.10702721029520035,
      "projection": -0.10702542215585709
    },
    "10": {
      "cosine_similarity": -0.10123743116855621,
      "projection": -0.10123396664857864
    },
    "11": {
      "cosine_similarity": -0.13813942670822144,
      "projection": -0.13818463683128357
    },
    "12": {
      "cosine_similarity": -0.13903340697288513,
      "projection": -0.1389790177345276
    },
    "13": {
      "cosine_similarity": -0.13219383358955383,
      "projection": -0.13220533728599548
    },
    "14": {
      "cosine_similarity": -0.13458040356636047,
      "projection": -0.13461892306804657
    },
    "15": {
      "cosine_similarity": -0.16496127843856812,
      "projection": -0.1650381088256836
    },
    "16": {
      "cosine_similarity": -0.10274531692266464,
      "projection": -0.10273684561252594
    },
    "17": {
      "cosine_similarity": -0.12055215239524841,
      "projection": -0.12051448225975037
    },
    "18": {
      "cosine_similarity": -0.15961982309818268,
      "projection": -0.15957410633563995
    },
    "19": {
      "cosine_similarity": -0.15100263059139252,
      "projection": -0.151046484708786
    },
    "20": {
      "cosine_similarity": -0.1448560208082199,
      "projection": -0.144878551363945
    },
    "21": {
      "cosine_similarity": -0.16250567138195038,
      "projection": -0.1624731868505478
    },
    "22": {
      "cosine_similarity": -0.17341133952140808,
      "projection": -0.17346906661987305
    },
    "23": {
      "cosine_similarity": -0.1525123119354248,
      "projection": -0.15251699090003967
    },
    "24": {
      "cosine_similarity": -0.15308132767677307,
      "projection": -0.15318423509597778
    },
    "25": {
      "cosine_similarity": -0.11949988454580307,
      "projection": -0.11943403631448746
    },
    "26": {
      "cosine_similarity": -0.08806832879781723,
      "projection": -0.08810243010520935
    },
    "27": {
      "cosine_similarity": -0.11992795765399933,
      "projection": -0.11987093091011047
    }
  },
  "confidence": {
    "0": {
      "cosine_similarity": -0.015862952917814255,
      "projection": -0.0158546082675457
    },
    "1": {
      "cosine_similarity": -0.01927260495722294,
      "projection": -0.01926281861960888
    },
    "2": {
      "cosine_similarity": -0.0005878843367099762,
      "projection": -0.0005877646617591381
    },
    "3": {
      "cosine_similarity": -0.06747972965240479,
      "projection": -0.06747535616159439
    },
    "4": {
      "cosine_similarity": -0.08189859986305237,
      "projection": -0.08189651370048523
    },
    "5": {
      "cosine_similarity": -0.049165595322847366,
      "projection": -0.049157578498125076
    },
    "6": {
      "cosine_similarity": -0.06350468099117279,
      "projection": -0.06351206451654434
    },
    "7": {
      "cosine_similarity": -0.08767016232013702,
      "projection": -0.0876755639910698
    },
    "8": {
      "cosine_similarity": -0.07050207257270813,
      "projection": -0.07051696628332138
    },
    "9": {
      "cosine_similarity": -0.10126784443855286,
      "projection": -0.10122968256473541
    },
    "10": {
      "cosine_similarity": -0.11714228987693787,
      "projection": -0.11719214171171188
    },
    "11": {
      "cosine_similarity": -0.1182648241519928,
      "projection": -0.11830232292413712
    },
    "12": {
      "cosine_similarity": -0.14068101346492767,
      "projection": -0.14069975912570953
    },
    "13": {
      "cosine_similarity": -0.13281553983688354,
      "projection": -0.13286007940769196
    },
    "14": {
      "cosine_similarity": -0.16837173700332642,
      "projection": -0.16834528744220734
    },
    "15": {
      "cosine_similarity": -0.1804194152355194,
      "projection": -0.1804855763912201
    },
    "16": {
      "cosine_similarity": -0.16180764138698578,
      "projection": -0.1618632972240448
    },
    "17": {
      "cosine_similarity": -0.1468542367219925,