{
  "anger": {
    "0": {
      "cosine_similarity": 0.04245051369071007,
      "projection": 0.04244622215628624
    },
    "1": {
      "cosine_similarity": 0.026688817888498306,
      "projection": 0.026677940040826797
    },
    "2": {
      "cosine_similarity": -0.015638001263141632,
      "projection": -0.015637952834367752
    },
    "3": {
      "cosine_similarity": 0.07138248533010483,
      "projection": 0.071417897939682
    },
    "4": {
      "cosine_similarity": 0.09043274819850922,
      "projection": 0.09042080491781235
    },
    "5": {
      "cosine_similarity": 0.02197350561618805,
      "projection": 0.021976780146360397
    },
    "6": {
      "cosine_similarity": 0.08016468584537506,
      "projection": 0.08014441281557083
    },
    "7": {
      "cosine_similarity": 0.15300048887729645,
      "projection": 0.1530582308769226
    },
    "8": {
      "cosine_similarity": 0.07529044151306152,
      "projection": 0.07530968636274338
    },
    "9": {
      "cosine_similarity": 0.14275918900966644,
      "projection": 0.14269083738327026
    },
    "10": {
      "cosine_similarity": 0.09751911461353302,
      "projection": 0.09752276539802551
    },
    "11": {
      "cosine_similarity": 0.1733066737651825,
      "projection": 0.17332234978675842
    },
    "12": {
      "cosine_similarity": 0.1558486372232437,
      "projection": 0.15585972368717194
    },
    "13": {
      "cosine_similarity": 0.15672314167022705,
      "projection": 0.15671616792678833
    },
    "14": {
      "cosine_similarity": 0.15707553923130035,
      "projection": 0.15709462761878967
    },
    "15": {
      "cosine_similarity": 0.1955329179763794,
      "projection": 0.19567136466503143
    },
    "16": {
      "cosine_similarity": 0.1223180890083313,
      "projection": 0.1223706603050232
    },
    "17": {
      "cosine_similarity": 0.13375821709632874,
      "projection": 0.13374543190002441
    },
    "18": {
      "cosine_similarity": 0.13928629457950592,
      "projection": 0.13922154903411865
    },
    "19": {
      "cosine_similarity": 0.16355490684509277,
      "projection": 0.1635073572397232
    },
    "20": {
      "cosine_similarity": 0.1597936898469925,
      "projection": 0.15978288650512695
    },
    "21": {
      "cosine_similarity": 0.168242409825325,
      "projection": 0.16825711727142334
    },
    "22": {
      "cosine_similarity": 0.17753519117832184,
      "projection": 0.17753086984157562
    },
    "23": {
      "cosine_similarity": 0.16045084595680237,
      "projection": 0.16044843196868896
    },
    "24": {
      "cosine_similarity": 0.15210281312465668,
      "projection": 0.15216486155986786
    },
    "25": {
      "cosine_similarity": 0.12057144939899445,
      "projection": 0.12055349349975586
    },
    "26": {
      "cosine_similarity": 0.1139150932431221,
      "projection": 0.11391284316778183
    },
    "27": {
      "cosine_similarity": 0.11305060237646103,
      "projection": 0.11298954486846924
    }
  },
  "calm": {
    "0": {
      "cosine_similarity": -0.010675933212041855,
      "projection": -0.010672192089259624
    },
    "1": {
      "cosine_similarity": 0.09116339683532715,
      "projection": 0.09114871919155121
    },
    "2": {
      "cosine_similarity": 0.03976980596780777,
      "projection": 0.03977238014340401
    },
    "3": {
      "cosine_similarity": -0.08427254855632782,
      "projection": -0.08429784327745438
    },
    "4": {
      "cosine_similarity": -0.09615004807710648,
      "projection": -0.09617017954587936
    },
    "5": {
      "cosine_similarity": -0.04405685514211655,
      "projection": -0.04406746104359627
    },
    "6": {
      "cosine_similarity": -0.07725442945957184,
      "projection": -0.07723268121480942
    },
    "7": {
      "cosine_similarity": -0.1073986142873764,
      "projection": -0.10744579136371613
    },
    "8": {
      "cosine_similarity": -0.07010413706302643,
      "projection": -0.07010278105735779
    },
    "9": {
      "cosine_similarity": -0.10702713578939438,
      "projection": -0.1070253998041153
    },
    "10": {
      "cosine_similarity": -0.10123734176158905,
      "projection": -0.10123398154973984
    },
    "11": {
      "cosine_similarity": -0.13813935220241547,
      "projection": -0.13818469643592834
    },
    "12": {
      "cosine_similarity": -0.13903331756591797,
      "projection": -0.1389790028333664
    },
    "13": {
      "cosine_similarity": -0.13219375908374786,
      "projection": -0.13220538198947906
    },
    "14": {
      "cosine_similarity": -0.1345803290605545,
      "projection": -0.13461895287036896
    },
    "15": {
      "cosine_similarity": -0.16496111452579498,
      "projection": -0.1650380641222
    },
    "16": {
      "cosine_similarity": -0.10274527966976166,
      "projection": -0.10273683071136475
    },
    "17": {
      "cosine_similarity": -0.12055210024118423,
      "projection": -0.12051446735858917
    },
    "18": {
      "cosine_similarity": -0.15961964428424835,
      "projection": -0.15957415103912354
    },
    "19": {
      "cosine_similarity": -0.15100258588790894,
      "projection": -0.15104638040065765
    },
    "20": {
      "cosine_similarity": -0.14485596120357513,
      "projection": -0.14487847685813904
    },
    "21": {
      "cosine_similarity": -0.16250558197498322,
      "projection": -0.1624731868505478
    },
    "22": {
      "cosine_similarity": -0.17341122031211853,
      "projection": -0.17346908152103424
    },
    "23": {
      "cosine_similarity": -0.15251228213310242,
      "projection": -0.15251702070236206
    },
    "24": {
      "cosine_similarity": -0.15308117866516113,
      "projection": -0.1531842201948166
    },
    "25": {
      "cosine_similarity": -0.1194998025894165,
      "projection": -0.11943407356739044
    },
    "26": {
      "cosine_similarity": -0.08806826174259186,
      "projection": -0.08810240030288696
    },
    "27": {
      "cosine_similarity": -0.11992784589529037,
      "projection": -0.11987090855836868
    }
  },
  "confidence": {
    "0": {
      "cosine_similarity": -0.01586293987929821,
      "projection": -0.015854617580771446
    },
    "1": {
      "cosine_similarity": -0.019272595643997192,
      "projection": -0.01926281675696373
    },
    "2": {
      "cosine_similarity": -0.0005878806114196777,
      "projection": -0.0005877526709809899
    },
    "3": {
      "cosine_similarity": -0.06747971475124359,
      "projection": -0.0674753487110138
    },
    "4": {
      "cosine_similarity": -0.08189854025840759,
      "projection": -0.08189645409584045
    },
    "5": {
      "cosine_similarity": -0.04916554316878319,
      "projection": -0.049157582223415375
    },
    "6": {
      "cosine_similarity": -0.06350462883710861,
      "projection": -0.06351204216480255
    },
    "7": {
      "cosine_similarity": -0.08767010271549225,
      "projection": -0.0876755341887474
    },
    "8": {
      "cosine_similarity": -0.07050204277038574,
      "projection": -0.07051701098680496
    },
    "9": {
      "cosine_similarity": -0.10126778483390808,
      "projection": -0.10122968256473541
    },
    "10": {
      "cosine_similarity": -0.1171422079205513,
      "projection": -0.11719214916229248
    },
    "11": {
      "cosine_similarity": -0.11826475709676743,
      "projection": -0.1183023527264595
    },
    "12": {
      "cosine_similarity": -0.1406809389591217,
      "projection": -0.14069972932338715
    },
    "13": {
      "cosine_similarity": -0.132815420627594,
      "projection": -0.13286010921001434
    },
    "14": {
      "cosine_similarity": -0.16837164759635925,
      "projection": -0.16834527254104614
    },
    "15": {
      "cosine_similarity": -0.18041926622390747,
      "projection": -0.18048560619354248
    },
    "16": {
      "cosine_similarity": -0.16180755198001862,
      "projection": -0.1618633270263672
    },
    "17": {
      "cosine_similarity": -0.14685417711734772,