{
  "desperation": {
    "anger": 0.006412878632545471,
    "calm": 0.46277386248111724,
    "confidence": 0.7553900957107544,
    "desperation": -0.6771783620119095,
    "fear": -0.20021603554487227,
    "guilt": -0.983871579170227,
    "refusal": -3.496087384223938
  },
  "calm": {
    "anger": -1.8084002137184143,
    "calm": 2.1340768933296204,
    "confidence": 2.480737233161926,
    "desperation": -2.5082820653915405,
    "fear": -1.9397523999214172,
    "guilt": -1.3274128139019012,
    "refusal": -4.817182016372681
  },
  "anger": {
    "anger": -0.19921744763851165,
    "calm": 0.6794889390468597,
    "confidence": 1.0422345876693726,
    "desperation": -1.460048007965088,
    "fear": -0.8186512351036072,
    "guilt": -0.36015645042061806,
    "refusal": -2.9482873678207397
  },
  "fear": {
    "anger": -0.01705402284860611,
    "calm": 0.6296025425195694,
    "confidence": 0.8940910995006561,
    "desperation": -0.9209072798490524,
    "fear": -0.19547658562660217,
    "guilt": -1.2225589632987977,
    "refusal": -3.192489743232727
  },
  "guilt": {
    "anger": -0.00053873211145401,
    "calm": 0.29143565595149995,
    "confidence": 0.3538105458021164,
    "desperation": -0.8652091681957245,
    "fear": -0.30204149037599565,
    "guilt": 0.0622106783092022,
    "refusal": -2.4174317359924316
  },
  "confidence": {
    "anger": -1.3536388278007507,
    "calm": 1.5723037838935852,
    "confidence": 2.7131526947021483,
    "desperation": -2.4021864891052247,
    "fear": -2.0249322772026064,
    "guilt": -1.1562644839286804,
    "refusal": -4.656238269805908
  }
}