{
  "desperation": {
    "anger": -0.006909529864788056,
    "calm": 0.2950937047600746,
    "confidence": 0.761909744143486,
    "desperation": -0.8223700374364853,
    "fear": -0.11229015588760376,
    "guilt": -0.7417895212769509,
    "refusal": -3.5262824296951294
  },
  "calm": {
    "anger": -2.2397313594818113,
    "calm": 2.373362731933594,
    "confidence": 2.8762338638305662,
    "desperation": -3.0113910913467405,
    "fear": -2.3513158559799194,
    "guilt": -1.1418759107589722,
    "refusal": -5.458399105072021
  },
  "anger": {
    "anger": -0.3475529506802559,
    "calm": 0.6470990955829621,
    "confidence": 1.263112050294876,
    "desperation": -1.793521523475647,
    "fear": -1.0703122794628144,
    "guilt": -0.02804061323404312,
    "refusal": -3.2126994371414184
  },
  "fear": {
    "anger": 0.03134665191173554,
    "calm": 0.4931788966059685,
    "confidence": 0.8445695787668228,
    "desperation": -0.9380495250225067,
    "fear": -0.1175416350364685,
    "guilt": -1.109684956073761,
    "refusal": -3.0660651683807374
  },
  "guilt": {
    "anger": -0.132364884018898,
    "calm": 0.2514412522315979,
    "confidence": 0.4664545074105263,
    "desperation": -1.1358488827943802,
    "fear": -0.3486668258905411,
    "guilt": 0.31478326618671415,
    "refusal": -2.572417163848877
  },
  "confidence": {
    "anger": -1.6025193929672241,
    "calm": 1.5097304224967956,
    "confidence": 3.109098029136658,
    "desperation": -2.7484445571899414,
    "fear": -2.328292465209961,
    "guilt": -0.8846612632274627,
    "refusal": -5.3039435863494875
  }
}