{
  "desperation": {
    "anger": -0.3734908252954483,
    "calm": 0.621084812283516,
    "confidence": 0.8566789209842682,
    "desperation": -1.1326597809791565,
    "fear": -0.2811154931783676,
    "guilt": -0.7580550193786622,
    "refusal": -5.379859042167664
  },
  "calm": {
    "anger": -2.58063428401947,
    "calm": 2.7687101006507873,
    "confidence": 3.04654746055603,
    "desperation": -3.510723519325256,
    "fear": -3.120943546295166,
    "guilt": -0.7057503268122673,
    "refusal": -7.003591680526734
  },
  "anger": {
    "anger": -0.7312759816646576,
    "calm": 0.9189989537000656,
    "confidence": 1.4600692987442017,
    "desperation": -2.249784755706787,
    "fear": -1.4270061135292054,
    "guilt": 0.21234788447618486,
    "refusal": -4.478175401687622
  },
  "fear": {
    "anger": -0.36199105978012086,
    "calm": 0.8491171211004257,
    "confidence": 0.9610293924808502,
    "desperation": -1.1749561101198196,
    "fear": -0.21984198093414306,
    "guilt": -1.3058648228645324,
    "refusal": -4.779054069519043
  },
  "guilt": {
    "anger": -0.3388664752244949,
    "calm": 0.3672302901744843,
    "confidence": 0.4922188639640808,
    "desperation": -1.4338377356529235,
    "fear": -0.6083979547023773,
    "guilt": 0.6708224773406982,
    "refusal": -3.869574224948883
  },
  "confidence": {
    "anger": -1.9059110641479493,
    "calm": 1.8501649379730225,
    "confidence": 3.2142709493637085,
    "desperation": -3.1052586793899537,
    "fear": -2.8095852375030517,
    "guilt": -0.6815302193164825,
    "refusal": -7.212485074996948
  }
}