{
  "desperation": {
    "anger": -0.22923463098704816,
    "calm": 0.4643251124769449,
    "confidence": 0.7798170678317546,
    "desperation": -0.7149785164743662,
    "fear": -0.1518141683191061,
    "guilt": -0.8711508367210626,
    "refusal": -3.6952538907527925
  },
  "calm": {
    "anger": -2.007905453443527,
    "calm": 2.1501579105854036,
    "confidence": 2.49408882856369,
    "desperation": -2.5281128004193305,
    "fear": -2.044975516200066,
    "guilt": -1.1304013218730689,
    "refusal": -5.113092523813248
  },
  "anger": {
    "anger": -0.44576867260038855,
    "calm": 0.6806642524898052,
    "confidence": 1.1352120146155358,
    "desperation": -1.4860325396060943,
    "fear": -0.8812418401241302,
    "guilt": -0.2315048286691308,
    "refusal": -3.152010443806648
  },
  "fear": {
    "anger": -0.2117223922163248,
    "calm": 0.6106925573199987,
    "confidence": 0.8472411774098874,
    "desperation": -0.8084655292332172,
    "fear": -0.09041088446974754,
    "guilt": -1.1916371196508408,
    "refusal": -3.3541971325874327
  },
  "guilt": {
    "anger": -0.19611812718212604,
    "calm": 0.2680598277598619,
    "confidence": 0.40790216960012915,
    "desperation": -0.8755544612184167,
    "fear": -0.29474531039595603,
    "guilt": 0.16632946263998746,
    "refusal": -2.5799098521471024
  },
  "confidence": {
    "anger": -1.456951816380024,
    "calm": 1.4421687424182892,
    "confidence": 2.6079665631055833,
    "desperation": -2.268086148798466,
    "fear": -1.962178610265255,
    "guilt": -0.9359329625964165,
    "refusal": -4.928744995594025
  }
}