{
  "desperation": {
    "anger": -0.5429510474205017,
    "calm": 0.4783480703830719,
    "confidence": 0.7452895104885101,
    "desperation": -0.2277058854699135,
    "fear": -0.01363498866558075,
    "guilt": -1.0008872270584106,
    "refusal": -2.3787867069244384
  },
  "calm": {
    "anger": -1.4028559565544128,
    "calm": 1.3244819164276123,
    "confidence": 1.5728367567062378,
    "desperation": -1.0820545256137848,
    "fear": -0.7678902626037598,
    "guilt": -1.3465662360191346,
    "refusal": -3.173197293281555
  },
  "anger": {
    "anger": -0.505028310418129,
    "calm": 0.4770700216293335,
    "confidence": 0.7754321217536926,
    "desperation": -0.44077587127685547,
    "fear": -0.20899773240089417,
    "guilt": -0.7501701354980469,
    "refusal": -1.9688795685768128
  },
  "fear": {
    "anger": -0.4991911381483078,
    "calm": 0.4708716690540314,
    "confidence": 0.6892746388912201,
    "desperation": -0.19994920194149018,
    "fear": 0.17121666371822358,
    "guilt": -1.128439736366272,
    "refusal": -2.3791795492172243
  },
  "guilt": {
    "anger": -0.3127024173736572,
    "calm": 0.1621321126818657,
    "confidence": 0.319124761223793,
    "desperation": -0.0673220582306385,
    "fear": 0.08012502938508988,
    "guilt": -0.38249857127666476,
    "refusal": -1.4602162837982178
  },
  "confidence": {
    "anger": -0.9657379806041717,
    "calm": 0.8364758253097534,
    "confidence": 1.395344579219818,
    "desperation": -0.8164548695087432,
    "fear": -0.685904461145401,
    "guilt": -1.0212758839130402,
    "refusal": -2.542313051223755
  }
}