{
  "desperation": {
    "anger": -0.4090533033013344,
    "calm": 0.3249781310558319,
    "confidence": 0.4409030914306641,
    "desperation": -0.06503119692206383,
    "fear": 0.06918101608753205,
    "guilt": -0.6884187310934067,
    "refusal": -1.6169049143791199
  },
  "calm": {
    "anger": -1.1751190662384032,
    "calm": 1.2706690549850463,
    "confidence": 1.1636121273040771,
    "desperation": -0.9260755896568298,
    "fear": -0.6232769221067429,
    "guilt": -1.1713349878787995,
    "refusal": -1.9510396003723145
  },
  "anger": {
    "anger": -0.29654147624969485,
    "calm": 0.3890611737966537,
    "confidence": 0.550093588232994,
    "desperation": -0.3662632703781128,
    "fear": -0.18870805352926254,
    "guilt": -0.5807942271232605,
    "refusal": -0.15161173343658446
  },
  "fear": {
    "anger": -0.475669851899147,
    "calm": 0.3839754521846771,
    "confidence": 0.4624975472688675,
    "desperation": -0.24473923370242118,
    "fear": 0.07231056913733483,
    "guilt": -0.6266850680112839,
    "refusal": -1.2969303011894227
  },
  "guilt": {
    "anger": -0.3679253160953522,
    "calm": 0.27439537197351455,
    "confidence": 0.4251261442899704,
    "desperation": -0.2888678774237633,
    "fear": -0.15095727741718293,
    "guilt": -0.2860929787158966,
    "refusal": -0.799193587899208
  },
  "confidence": {
    "anger": -0.8316153764724732,
    "calm": 0.6407270491123199,
    "confidence": 1.041485184431076,
    "desperation": -0.7138584673404693,
    "fear": -0.47007712423801423,
    "guilt": -0.6566704630851745,
    "refusal": -1.8858194828033448
  }
}