{
  "desperation": {
    "anger": -0.06566480100154877,
    "calm": -0.008430796861648559,
    "confidence": 0.2102101683616638,
    "desperation": -0.7525452762842179,
    "fear": -0.15743949860334397,
    "guilt": 0.46116933673620225,
    "refusal": -4.508076119422912
  },
  "calm": {
    "anger": -2.9714763879776003,
    "calm": 3.518423867225647,
    "confidence": 3.072011637687683,
    "desperation": -3.952963948249817,
    "fear": -3.2863667011260986,
    "guilt": -1.0950812056660653,
    "refusal": -6.081333303451538
  },
  "anger": {
    "anger": 0.23003883957862853,
    "calm": 0.12224472761154175,
    "confidence": 0.5259589284658432,
    "desperation": -1.3502000331878663,
    "fear": -0.9602945864200592,
    "guilt": 0.7847560286521912,
    "refusal": -0.5698149085044861
  },
  "fear": {
    "anger": -0.6900795996189117,
    "calm": 0.5632281720638275,
    "confidence": 0.9120790302753449,
    "desperation": -1.5841619670391083,
    "fear": -0.7134477160871029,
    "guilt": 0.317970435321331,
    "refusal": -3.5977789878845217
  },
  "guilt": {
    "anger": -0.14904830083251,
    "calm": 0.06465176194906234,
    "confidence": 0.366546917706728,
    "desperation": -1.4298077523708344,
    "fear": -0.7951664745807647,
    "guilt": 1.3539411216974258,
    "refusal": -1.4852565228939056
  },
  "confidence": {
    "anger": -1.6991708636283875,
    "calm": 1.3426334083080291,
    "confidence": 2.495003616809845,
    "desperation": -3.0257336258888246,
    "fear": -2.277589702606201,
    "guilt": 0.3959234982728958,
    "refusal": -5.3075892448425295
  }
}