{
  "desperation": {
    "anger": -0.06457513943314552,
    "calm": 0.033566080033779144,
    "confidence": 0.3807321459054947,
    "desperation": -0.6769396871328354,
    "fear": -0.05353102087974548,
    "guilt": 0.08322829529643058,
    "refusal": -2.969073700904846
  },
  "calm": {
    "anger": -2.525092029571533,
    "calm": 3.0194408655166627,
    "confidence": 2.7537694215774535,
    "desperation": -3.318721652030945,
    "fear": -2.603757405281067,
    "guilt": -1.271024751663208,
    "refusal": -4.277653217315674
  },
  "anger": {
    "anger": 0.4767026290297508,
    "calm": -0.05007656216621399,
    "confidence": 0.258457063883543,
    "desperation": -0.8209128007292747,
    "fear": -0.48553141206502914,
    "guilt": 0.40627625584602356,
    "refusal": 0.3451671898365021
  },
  "fear": {
    "anger": -0.5592678219079972,
    "calm": 0.5397309020161629,
    "confidence": 0.9527525126934051,
    "desperation": -1.4134323656558991,
    "fear": -0.5285455659031868,
    "guilt": -0.0436443105340004,
    "refusal": -2.298183000087738
  },
  "guilt": {
    "anger": 0.0013167716562747956,
    "calm": 0.1333758682012558,
    "confidence": 0.3015908360481262,
    "desperation": -1.1375481188297272,
    "fear": -0.5731676146388054,
    "guilt": 0.8139510571956634,
    "refusal": -0.8425609946250916
  },
  "confidence": {
    "anger": -1.4181053698062898,
    "calm": 1.1042982637882233,
    "confidence": 2.3198670983314513,
    "desperation": -2.639238953590393,
    "fear": -1.7457859635353088,
    "guilt": 0.049311811476945876,
    "refusal": -3.915077042579651
  }
}