{
  "desperation": {
    "anger": -0.13949665296822786,
    "calm": 0.13532258830964566,
    "confidence": 0.3428226336836815,
    "desperation": -0.4939077978953719,
    "fear": -0.06330703385174274,
    "guilt": -0.09077826235443354,
    "refusal": -2.9613019824028015
  },
  "calm": {
    "anger": -2.195159152150154,
    "calm": 2.646977996826172,
    "confidence": 2.333131176233292,
    "desperation": -2.745230481028557,
    "fear": -2.1796773694455625,
    "guilt": -1.2431843731552363,
    "refusal": -3.9917024195194246
  },
  "anger": {
    "anger": 0.2221500515937805,
    "calm": 0.14392055831849576,
    "confidence": 0.38078852854669093,
    "desperation": -0.7973973780870438,
    "fear": -0.5026845909655094,
    "guilt": 0.1592148907482624,
    "refusal": -0.007274738326668739
  },
  "fear": {
    "anger": -0.5347409743815661,
    "calm": 0.5046296402812004,
    "confidence": 0.7632019598037004,
    "desperation": -1.0675647182390093,
    "fear": -0.3865484531968832,
    "guilt": -0.15453468300402165,
    "refusal": -2.2926899388432505
  },
  "guilt": {
    "anger": -0.11056085731834173,
    "calm": 0.15666680000722408,
    "confidence": 0.3158148843795061,
    "desperation": -0.9189118068665266,
    "fear": -0.47989732548594477,
    "guilt": 0.5939407367259264,
    "refusal": -0.9356079384684562
  },
  "confidence": {
    "anger": -1.2835778340697288,
    "calm": 1.0615555197000504,
    "confidence": 1.956288854777813,
    "desperation": -2.15281849950552,
    "fear": -1.4960119284689426,
    "guilt": -0.1256159583106637,
    "refusal": -3.6159866571426393
  }
}