{
  "desperation": {
    "anger": -0.01869336813688278,
    "calm": 0.1911769390106201,
    "confidence": 0.3394451290369034,
    "desperation": -0.4811150312423706,
    "fear": -0.11143863201141357,
    "guilt": -0.2190919503569603,
    "refusal": -2.7511531949043273
  },
  "calm": {
    "anger": -2.10894912481308,
    "calm": 2.7793781995773315,
    "confidence": 2.3431315183639527,
    "desperation": -2.7831607341766356,
    "fear": -2.2053084492683412,
    "guilt": -1.4352965474128723,
    "refusal": -3.6567835569381715
  },
  "anger": {
    "anger": 0.4784002140164375,
    "calm": 0.1144528940320015,
    "confidence": 0.18864453360438346,
    "desperation": -0.6522134080529213,
    "fear": -0.37620431184768677,
    "guilt": 0.026621505618095398,
    "refusal": 0.3471604987978935
  },
  "fear": {
    "anger": -0.41394662410020827,
    "calm": 0.5315840348601342,
    "confidence": 0.7254787489771843,
    "desperation": -1.027925306558609,
    "fear": -0.37651109993457793,
    "guilt": -0.2657797887921333,
    "refusal": -1.977867466211319
  },
  "guilt": {
    "anger": 0.07341341599822045,
    "calm": 0.15424419790506363,
    "confidence": 0.16999563947319984,
    "desperation": -0.8194234788417816,
    "fear": -0.4002979353070259,
    "guilt": 0.4939637467265129,
    "refusal": -0.6154206484556198
  },
  "confidence": {
    "anger": -1.1854197263717652,
    "calm": 1.158563357591629,
    "confidence": 1.9687995195388794,
    "desperation": -2.2324429512023927,
    "fear": -1.4905949234962463,
    "guilt": -0.29102867990732195,
    "refusal": -3.355460858345032
  }
}